{"cameraMode":{"drawMode":0,"name":"Shaded","section":"Shading Mode"},"sceneLighting":true,"audioPlay":false,"sceneViewState":{"showFog":true,"showMaterialUpdate":true,"showSkybox":true,"showFlares":true,"showImageEffects":true,"showParticleSystems":true},"in2DMode":false,"pivot":{"x":-42.095584869384769,"y":3.6414167881011965,"z":-51.93339157104492},"rotation":{"x":0.06390497088432312,"y":0.9320831894874573,"z":-0.2033587098121643,"w":0.2929157614707947},"size":36.35322189331055,"orthographic":false}